Year,Country name,Ladder score,GDP_weight,GDP,GDP growth,GDP per capita,GDP per capita growth,Actual_GDP
2015,Israel,7.278,1.22857,"300,078,000,000",2.28,"35,808",0,4.553985358
2016,Israel,7.267,1.33766,313000000000,4.462753818,36680.32213,2.434861136,4.564433141
2017,Israel,7.212999821,1.375382423,327191000000,4.377044428,37550.72769,2.372949592,4.574618358
2018,Israel,6.814,1.301,340224000000,3.983424594,38301.45366,1.999231494,4.583215257
2019,Israel,7.139,1.276,353063000000,3.77358981,38995.23045,1.811358909,4.591011491
2020,Israel,7.128600121,1.216463685,345460000000,-2.153428489,37488.45495,-3.863999473,4.573897542
2021,Israel,7.157,1.376,373746000000,8.188040459,39913.09851,6.467707351,4.601115444