Year,Country name,Ladder score,GDP_weight,GDP,GDP growth,GDP per capita,GDP per capita growth,Actual_GDP
2015,Costa Rica,7.226,0.95578,"56,441,917,653",3.65,"11,643",3,4.066056618
2016,Costa Rica,7.087,1.06879,58814918321,4.204323252,12004.67131,3.108306775,4.079350273
2017,Costa Rica,7.078999996,1.109706283,61260265570,4.157698963,12375.92373,3.092566338,4.092577624
2018,Costa Rica,7.072,1.01,62862775555,2.615904404,12573.95585,1.600140073,4.099471931
2019,Costa Rica,7.167,1.034,64382490583,2.417511818,12755.1684,1.441173774,4.105686197
2020,Costa Rica,7.121399879,0.981107712,61774415011,-4.050908171,12126.62595,-4.927747219,4.083739982
2021,Costa Rica,7.069,1.134,66456647135,7.579565299,12931.69133,6.638824255,4.11165533