Year,Country name,Ladder score,GDP_weight,GDP,GDP growth,GDP per capita,GDP per capita growth,Actual_GDP
2015,Switzerland,7.587,1.39651,"702,150,000,000",1.66,"84,776",1,4.92827365
2016,Switzerland,7.509,1.52733,717000000000,2.045186469,85570.39606,0.936883741,4.932323542
2017,Switzerland,7.493999958,1.564979553,727865000000,1.584819616,86119.14537,0.641284066,4.935099711
2018,Switzerland,7.487,1.42,749096000000,2.916905098,87980.67069,2.161569653,4.944387268
2019,Switzerland,7.48,1.452,758168000000,1.210992207,88413.19171,0.491609145,4.946517069
2020,Switzerland,7.559899807,1.39077425,740026000000,-2.392826042,85685.29027,-3.085400925,4.932906272
2021,Switzerland,7.571,1.566,767349000000,3.69215263,88224.14032,2.96299404,4.945587435