Year,Country name,Ladder score,GDP_weight,GDP,GDP growth,GDP per capita,GDP per capita growth,Actual_GDP
2015,Norway,7.522,1.459,"385,802,000,000",1.97,"74,356",1,4.871313191
2016,Norway,7.498,1.57744,390000000000,1.071558977,74493.11794,0.18505968,4.872116152
2017,Norway,7.537000179,1.616463184,398995000000,2.323290208,75610.64948,1.500180926,4.878582969
2018,Norway,7.594,1.456,403459000000,1.118828479,75953.58195,0.453550486,4.88054826
2019,Norway,7.554,1.488,406468000000,0.745798219,76005.22479,0.067992626,4.880843448
2020,Norway,7.487999916,1.42420733,403553000000,-0.717182669,75017.15675,-1.300000154,4.8751606
2021,Norway,7.392,1.543,419383000000,3.92266521,77544.03387,3.368398954,4.889548389