Year,Country name,Ladder score,GDP_weight,GDP,GDP growth,GDP per capita,GDP per capita growth,Actual_GDP
2015,Finland,7.406,1.29025,"234,534,000,000",0.54,"42,802",0.21,4.63146313
2016,Finland,7.413,1.40598,241000000000,2.811457767,43878.96673,2.516379895,4.642256392
2017,Finland,7.468999863,1.443571925,248826000000,3.19240963,45173.62941,2.950531373,4.654884985
2018,Finland,7.632,1.305,251667000000,1.141947509,45628.9257,1.00788071,4.659240244
2019,Finland,7.769,1.34,254740000000,1.220754143,46135.07766,1.109278713,4.664031256
2020,Finland,7.808700085,1.285189509,248883000000,-2.299256085,45009.61528,-2.439493859,4.653305301
2021,Finland,7.842,1.446,257530000000,3.474547181,46471.35941,3.247626366,4.667185377