Year,Country name,Ladder score,GDP_weight,GDP,GDP growth,GDP per capita,GDP per capita growth,Actual_GDP
2015,Canada,7.427,1.32629,"1,556,510,000,000",0.66,"43,596",0,4.639447994
2016,Canada,7.404,1.44015,1570000000000,1.001394414,43536.9134,-0.135842621,4.638857636
2017,Canada,7.315999985,1.479204416,1619890000000,3.039880225,44325.48834,1.811278917,4.646653529
2018,Canada,7.328,1.33,1664870000000,2.777040554,44917.48373,1.335564285,4.652415419
2019,Canada,7.278,1.365,1696160000000,1.879592028,45109.24449,0.426917853,4.654265553
2020,Canada,7.23210001,1.301647663,1607400000000,-5.233024303,42258.69102,-6.31922237,4.62591604
2021,Canada,7.103,1.447,1680750000000,4.562893863,43945.55699,3.991761062,4.642914973