Year,Country name,Ladder score,GDP_weight,GDP,GDP growth,GDP per capita,GDP per capita growth,Actual_GDP
2015,Iceland,7.561,1.30232,"17,517,210,519",4.44,"52,952",3,4.723879756
2016,Iceland,7.501,1.42666,18621440660,6.303687107,55513.6423,4.838299214,4.744399723
2017,Iceland,7.504000187,1.48063302,19402600567,4.194948829,56501.45768,1.779410135,4.752059652
2018,Iceland,7.495,1.343,20351810853,4.892180731,57699.45893,2.120301494,4.761171741
2019,Iceland,7.494,1.38,20847341425,2.434823,57818.85946,0.206935275,4.76206952
2020,Iceland,7.504499912,1.326501608,19491448632,-6.50391225,53188.03981,-8.00918541,4.725813985
2021,Iceland,7.554,1.482,20212591767,3.699792401,54291.87007,2.07533548,4.734734801