Year,Country name,Ladder score,GDP_weight,GDP,GDP growth,GDP per capita,GDP per capita growth,Actual_GDP
2015,Australia,7.284,1.33358,"1,350,530,000,000",2.17,"56,707",1,4.753636841
2016,Australia,7.313,1.44443,1390000000000,2.741643069,57358.7828,1.149347464,4.758599927
2017,Australia,7.28399992,1.484414935,1419420000000,2.295926947,57695.57126,0.587161103,4.761142478
2018,Australia,7.272,1.34,1460170000000,2.87097248,58447.25265,1.302840712,4.766764102
2019,Australia,7.228,1.372,1491030000000,2.113149425,58781.04666,0.571102988,4.769237315
2020,Australia,7.222799778,1.310396433,1490970000000,-0.003836559,58029.51553,-1.278526283,4.763648945
2021,Australia,7.183,1.453,1512960000000,1.475162883,58780.33306,1.293854563,4.769232043