Year,Country name,Ladder score,GDP_weight,GDP,GDP growth,GDP per capita,GDP per capita growth,Actual_GDP
2015,Sweden,7.364,1.33171,"505,104,000,000",4.49,"51,545",3,4.712190619
2016,Sweden,7.291,1.45181,516000000000,2.070593151,51955.86107,0.7961463,4.715634547
2017,Sweden,7.28399992,1.494387269,528802000000,2.567924525,52576.81028,1.195147571,4.720794235
2018,Sweden,7.314,1.355,539113000000,1.950022846,52983.00686,0.772577449,4.724136601
2019,Sweden,7.343,1.387,549821000000,1.986195874,53490.35182,0.957561656,4.728275454
2020,Sweden,7.353499889,1.322235227,533634000000,-2.94418192,51541.65573,-3.643079592,4.712158366
2021,Sweden,7.363,1.478,559251000000,4.800611582,53692.52734,4.173074337,4.729913847