Year,Country name,Ladder score,GDP_weight,GDP,GDP growth,GDP per capita,GDP per capita growth,Actual_GDP
2015,New Zealand,7.286,1.25018,"178,064,000,000",3.74,"38,631",2,4.586932877
2016,New Zealand,7.334,1.36066,185000000000,3.767447717,39195.80768,1.462776247,4.593239618
2017,New Zealand,7.31400013,1.405706048,191385000000,3.578278276,39759.15065,1.437253121,4.599437098
2018,New Zealand,7.324,1.268,197814000000,3.359219548,40365.1957,1.524290743,4.606007062
2019,New Zealand,7.307,1.303,202151000000,2.192477216,40599.03155,0.57930066,4.608515674
2020,New Zealand,7.299600124,1.242317915,199618000000,-1.252664529,39216.22486,-3.406009042,4.593465784
2021,New Zealand,7.277,1.4,208894000000,4.64680675,40778.96193,3.984924787,4.610436166