Year,Country name,Ladder score,GDP_weight,GDP,GDP growth,GDP per capita,GDP per capita growth,Actual_GDP
2015,Luxembourg,6.946,1.56391,"60,071,584,216",2.27,"105,462",0,5.023096055
2016,Luxembourg,6.871,1.69752,63062062077,4.978190437,108351.4522,2.739791802,5.034834736
2017,Luxembourg,6.862999916,1.741943598,63892707778,1.317187663,107142.1276,-1.116112962,5.029960266
2018,Luxembourg,6.91,1.576,65173358594,2.00437712,107201.8399,0.055731942,5.030202239
2019,Luxembourg,7.09,1.609,67313525747,3.283806756,108570.0277,1.276272647,5.035709949
2020,Luxembourg,7.237500191,1.536676049,66117875823,-1.776240229,104879.2562,-3.399438656,5.020689599
2021,Luxembourg,7.324,1.751,70671128109,6.886567708,110584.3305,5.439659393,5.043693593