Year,Country name,Ladder score,GDP_weight,GDP,GDP growth,GDP per capita,GDP per capita growth,Actual_GDP
2015,Denmark,7.527,1.32548,"302,673,000,000",2.34,"53,255",2,4.726359218
2016,Denmark,7.526,1.44178,312000000000,3.245956985,54556.06895,2.443368874,4.73684307
2017,Denmark,7.521999836,1.482383013,321316000000,2.821736341,55735.7649,2.162355113,4.746133966
2018,Denmark,7.555,1.351,327708000000,1.989537315,56563.48847,1.485085157,4.752536186
2019,Denmark,7.6,1.383,334638000000,2.114664208,57553.13124,1.749614095,4.760068957
2020,Denmark,7.645599842,1.326948524,327738000000,-2.062124959,56202.16585,-2.347336032,4.749753052
2021,Denmark,7.62,1.502,343120000000,4.693433017,58585.50773,4.240658413,4.767790198