Year,Country name,Ladder score,GDP_weight,GDP,GDP growth,GDP per capita,GDP per capita growth,Actual_GDP
2015,Ireland,6.94,1.33596,"291,580,000,000",25.18,"62,012",24,4.792479135
2016,Ireland,6.907,1.48341,298000000000,2.042232527,62568.6266,0.896822101,4.796356622
2017,Ireland,6.977000237,1.535706639,324134000000,8.940012772,67424.22856,7.760441977,4.828815986
2018,Ireland,6.977,1.448,353404000000,9.0301611,72607.63185,7.687745795,4.860982272
2019,Ireland,7.021,1.499,370781000000,4.917006978,75143.01847,3.491900991,4.875888637
2020,Ireland,7.093699932,1.446886778,392535000000,5.866975509,78732.55332,4.776937267,4.896154336
2021,Ireland,7.085,1.644,445443000000,13.47865801,88588.48407,12.51824097,4.94737727