Year,Country name,Ladder score,GDP_weight,GDP,GDP growth,GDP per capita,GDP per capita growth,Actual_GDP
2015,Austria,7.2,1.33723,"381,971,000,000",1.01,"44,196",0,4.645381172
2016,Austria,7.119,1.45038,390000000000,1.989437162,44590.25163,0.89246914,4.649239923
2017,Austria,7.006000042,1.487097263,398369000000,2.258572433,45281.7234,1.550724086,4.655922948
2018,Austria,7.139,1.341,408335000000,2.501595119,46188.96651,2.003552524,4.664538245
2019,Austria,7.246,1.376,414424000000,1.49121085,46669.75121,1.04090812,4.669035486
2020,Austria,7.294199944,1.317285538,386514000000,-6.734514076,43346.43185,-7.120927967,4.636953353
2021,Austria,7.268,1.492,403845000000,4.483969206,45090.7589,4.024153735,4.654087545