Year,Country name,Ladder score,GDP_weight,GDP,GDP growth,GDP per capita,GDP per capita growth,Actual_GDP
2015,Netherlands,7.378,1.32944,"765,573,000,000",1.96,"45,193",2,4.655075046
2016,Netherlands,7.339,1.46468,782000000000,2.191713719,45938.78504,1.649315547,4.662179505
2017,Netherlands,7.376999855,1.503944635,805125000000,2.910902513,46997.34545,2.304284733,4.672073328
2018,Netherlands,7.441,1.361,824134000000,2.360915095,47826.81912,1.764937264,4.679671498
2019,Netherlands,7.488,1.396,840250000000,1.955588416,48443.73205,1.289889121,4.685237593
2020,Netherlands,7.448900223,1.338946342,808332000000,-3.798635993,46345.34721,-4.331592046,4.66600614
2021,Netherlands,7.464,1.501,849039000000,5.035902024,48424.09103,4.485334432,4.685061477